Datei;Dead Code;Duplication;Avoid Negative Cond.;Layer Violation;Misplaced Resp.;Anemic Entity
"'st2_10'";;;;;;
"DeliveryRepository.java";;;;;;"Class"
"DeliveryService.java";"86";;;;;
"E3DDDRulesTest.java";"15";;;;;
"E3PackageStructureTest.java";"9";;;;;
"EmailType.java";;;;;;"Class"
"FactoryMethodInvoker.java";"139";"33, 44";;;;
"Good.java";;;;;;"Class"
"GoodRepository.java";;;;;;"Class"
"InitialMasterDataCreator.java";"4, 5, 6, 165";;;;;
"MoneyType.java";;;;;;"Class"
"Order.java";"7";;;;;
"OrderApplicationService.java";"104";;;;;
"OrderController.java";"3, 5, 6, 8, 9, 10, 13, 14, 15, 18, 19, 20";;;;;
"OrderDTO.java";"9, 10, 11, 12, 14";;;;;
"OrderPositionDTO.java";"7";;;;;
"OrderPositionRepository.java";;;;;;"Class"
"OrderRepository.java";;;;;;"Class"
"PaymentRepository.java";;;;;;"Class"
"PersonalAddressType.java";;;;;;"Class"
"RESTHelper.java";"77, 78";;;;;
"RegressionUserRegistrationTest.java";"31";;;;;
"ShoppingBasketApplicationService.java";"50, 85";;;;;
"ShoppingBasketDTO.java";"8, 10";;;;;
"ShoppingBasketPositionDTO.java";"7";;;;;
"ShoppingBasketPositionRepository.java";;;;;;"Class"
"ShoppingBasketRepository.java";"6";;;;;"Class"
"User.java";;;;;;"Class"
"UserRepository.java";;;;;;"Class"
"ZipCodeType.java";;;;;;"Class"
"'st2_11'";;;;;;
"Client.java";;;;;;"Class"
"ClientRepository.java";;;;;;"Class"
"Delivery.java";;;;;;"Class"
"DeliveryPart.java";;;;;;"Class"
"DeliveryRepository.java";;;;;;"Class"
"DeliveryService.java";"67";;;;;
"E3DDDRulesTest.java";"15";;;;;
"E3PackageStructureTest.java";"9";;;;;
"FactoryMethodInvoker.java";"139";"33, 44";;;;
"HomeAddressType.java";;;;;;"Class"
"InitialMasterDataCreator.java";"4, 5, 6, 165";;;;;
"MailAddressType.java";;;;;;"Class"
"MoneyType.java";;;;;;"Class"
"Order.java";;;;;;"Class"
"OrderClient.java";;;;;;"Class"
"OrderPart.java";;;;;;"Class"
"OrderRepository.java";"5";;;;;"Class"
"OrderService.java";"8";;;;;
"Payment.java";;;;;;"Class"
"PaymentRepository.java";;;;;;"Class"
"PaymentService.java";"42, 50";;"43";;;
"RESTHelper.java";"77, 78";;;;;
"RegressionClientRegistrationTest.java";"31";;;;;
"ShoppingCart.java";;;;;;"Class"
"ShoppingCartDeliveryInterface.java";"3";;;;;
"ShoppingCartDeliveryService.java";"4, 15";;;;;
"ShoppingCartPart.java";;;;;;"Class"
"ShoppingCartPaymentInterface.java";"6";;;;;
"ShoppingCartPaymentService.java";"4, 5, 6, 13, 14, 18";;"28";;;
"ShoppingCartRepository.java";"7";;;;;"Class"
"ShoppingCartService.java";"161, 251";;;;;
"StockService.java";;"49";;;;
"Thing.java";;;;;;"Class"
"ThingWareHouseService.java";"3";;;;;
"WareHouse.java";;;;;;"Class"
"WareHouseRepository.java";;;;;;"Class"
"ZipCodePrimitive.java";"34";;;;;
"ZipCodeType.java";;;;;;"Class"
"'st2_12'";;;;;;
"AddressType.java";;;;;;"Class"
"ConflictException.java";;;;;;"Class"
"Customer.java";;;;;;"Class"
"CustomerId.java";;;;;;"Class"
"CustomerRESTTest.java";"88";;;;;
"CustomerRepository.java";;;;;;"Class"
"CustomerTestHelperImpl.java";"13";;;;;
"CustomerTypeImpl.java";;;;;;"Class"
"FactoryMethodInvoker.java";"139";"33, 44";;;;
"InventoryLevel.java";;;;;;"Class"
"InventoryLevelId.java";;;;;;"Class"
"MailAddressType.java";;;;;;"Class"
"Merchandise.java";;;;;;"Class"
"MerchandiseId.java";;;;;;"Class"
"MerchandiseRepository.java";;;;;;"Class"
"MerchandiseService.java";"25";"77";;;;
"MoneyType.java";;;;;;"Class"
"NotFoundException.java";;;;;;"Class"
"OwnShoppingCartRESTTest.java";"11, 14, 24, 55";;;;;
"Purchase.java";;;;;;"Class"
"PurchaseId.java";;;;;;"Class"
"PurchasePosition.java";;;;;;"Class"
"PurchasePositionId.java";;;;;;"Class"
"PurchaseRepository.java";;;;;;"Class"
"RulesForOwnTests.java";"32";;;;;
"ShoppingCartId.java";;;;;;"Class"
"ShoppingCartPosition.java";;;;;;"Class"
"ShoppingCartPositionId.java";;;;;;"Class"
"ShoppingCartRESTTest.java";"54, 70";;;;;
"ShoppingCartRepository.java";;;;;;"Class"
"StorageUnitComparator.java";;;;;;"Class"
"StorageUnitId.java";;;;;;"Class"
"UnprocessableException.java";;;;;;"Class"
"ZipCodeType.java";;;;;;"Class"
"'st2_13'";;;;;;
"Address.java";;;;;;"Class"
"Delivery.java";"4";;;;;
"DeliveryPosition.java";"7, 8";;;;;
"E3DDDRulesTest.java";"15";;;;;
"E3PackageStructureTest.java";"9";;;;;
"FactoryMethodInvoker.java";"139";"33, 44";;;;
"Good.java";"5, 6, 9, 10";;;;;
"GoodRepository.java";;;;;;"Class"
"InitialMasterDataCreator.java";"4, 5, 6, 165";;;;;
"MailAddressType.java";;;;;;"Class"
"MoneyType.java";;;;;;"Class"
"Order.java";"9, 11";;;;;"Class"
"OrderDTO.java";"6, 10";;;;;
"OrderPosition.java";"3, 7, 10, 11";;;;;"Class"
"OrderPositionDTO.java";"6, 7, 8, 10, 11, 12";;;;;
"OrderRepository.java";"6";;;;;
"OrderService.java";"18";;;;;
"Payment.java";"5, 7, 11, 12";;;;;"Class"
"PersonalAddressType.java";;;;;;"Class"
"RESTHelper.java";"77, 78";;;;;
"RegressionUserRegistrationTest.java";"31";;;;;
"ShoppingBasketDTO.java";"8, 9, 10, 12, 13";;;;;
"ShoppingBasketPosition.java";"8";;;;;
"ShoppingBasketPositionDTO.java";"5, 7";;;;;
"ShoppingBasketPositionDTOMapperService.java";"5";;;;;
"ShoppingBasketRestController.java";"18, 20";;;;;
"User.java";;;;;;"Class"
"UserDeliveryInterface.java";"4";;;;;
"UserRepository.java";;;;;;"Class"
"UserServiceInterface.java";"6, 8, 11, 13, 15, 16";;;;;
"ZipCode.java";;;"42";;;
"ZipCodeType.java";;;;;;"Class"
"'st2_14'";;;;;;
"CartPosition.java";;;;;;"Class"
"CartPositionRepository.java";;;;;;"Class"
"Delivery.java";;;;;;"Class"
"DeliveryRepository.java";;;;;;"Class"
"E3DDDRulesTest.java";"15";;;;;
"E3PackageStructureTest.java";"9";;;;;
"FactoryMethodInvoker.java";"139";"33, 44";;;;
"InitialMasterDataCreator.java";"4, 5, 6, 165";;;;;
"MailAddressType.java";;;;;;"Class"
"MoneyType.java";;;;;;"Class"
"Order.java";;;;;;"Class"
"OrderDTO.java";"9";;;;;
"OrderPosition.java";"8";;;;;
"OrderRESTController.java";"4, 9";;;;;
"OrderRepository.java";;;;;;"Class"
"Payment.java";;;;;;"Class"
"PaymentRepository.java";;;;;;"Class"
"PersonalAddressType.java";;;;;;"Class"
"RESTHelper.java";"77, 78";;;;;
"RegressionUserRegistrationTest.java";"31";;;;;
"ShoppingCart.java";;;;;;"Class"
"ShoppingCartRESTController.java";"27, 116, 136";;;;;
"ShoppingCartRepository.java";;;;;;"Class"
"ShoppingCartService.java";"80, 109, 241";;;;;
"Thing.java";;;;;;"Class"
"ThingRepository.java";;;;;;"Class"
"User.java";;;;;;"Class"
"UserRepository.java";"6, 8";;;;;"Class"
"ZipCodeType.java";;;;;;"Class"
"'st2_15'";;;;;;
"AbstractOrderPosition.java";;;;;;"Class"
"AbstractProduct.java";;;;;;"Class"
"E3DDDRulesTest.java";"15";;;;;
"E3PackageStructureTest.java";"9";;;;;
"EmailType.java";;;;;;"Class"
"FactoryMethodInvoker.java";"139";"33, 44";;;;
"InitialMasterDataCreator.java";"4, 5, 6, 165";;;;;
"MoneyType.java";;;;;;"Class"
"Order.java";;;;;;"Class"
"OrderController.java";"42";;;;;
"OrderPosition.java";;;;;;"Class"
"OrderPositionRepository.java";;;;;;"Class"
"OrderPositionService.java";"98";;;;;
"OrderRepository.java";;;;;;"Class"
"Payment.java";;;;;;"Class"
"PersonalAddressType.java";;;;;;"Class"
"PostalCodeType.java";;;;;;"Class"
"Product.java";;;;;;"Class"
"RESTHelper.java";"77, 78";;;;;
"RegressionUserRegistrationTest.java";"31";;;;;
"ShoppingBasket.java";;;;;;"Class"
"ShoppingBasketController.java";"40";;;;;
"ShoppingBasketRepository.java";;;;;;"Class"
"User.java";;;;;;"Class"
"UserRepository.java";;;;;;"Class"
"'st2_16'";;;;;;
"Client.java";;;;;;"Class"
"ClientId.java";;;;;;"Class"
"ClientIdConverter.java";;;;;;"Class"
"ClientNotFoundException.java";;;;;;"Class"
"ClientRESTTest.java";"88";;;;;
"ClientRepository.java";;;;;;"Class"
"ClientTestHelperImpl.java";"13";;;;;
"DomainPrimitiveJSONSerializationTest.java";"6, 8, 9, 13";;;;;
"EmailAddressType.java";;;;;;"Class"
"EmailMissingException.java";;;;;;"Class"
"FactoryMethodInvoker.java";"139";"33, 44";;;;
"FulfillmentCenterComparator.java";;;;;;"Class"
"FulfillmentCenterId.java";;;;;;"Class"
"FulfillmentCenterIdConverter.java";;;;;;"Class"
"Item.java";;;;;;"Class"
"ItemId.java";;;;;;"Class"
"ItemIdConverter.java";;;;;;"Class"
"ItemRepository.java";;;;;;"Class"
"MoneyType.java";;;;;;"Class"
"Order.java";;;;;;"Class"
"OrderId.java";;;;;;"Class"
"OrderIdConverter.java";;;;;;"Class"
"OrderPosition.java";;;;;;"Class"
"OrderPositionId.java";;;;;;"Class"
"OrderPositionIdConverter.java";;;;;;"Class"
"OwnShoppingBasketRESTTest.java";"75";;;;;
"PhysicalAddressType.java";;;;;;"Class"
"RulesForOwnTests.java";"32";;;;;
"ShoppingBasketAdapterService.java";;"88";;;;
"ShoppingBasketId.java";;;;;;"Class"
"ShoppingBasketIdConverter.java";;;;;;"Class"
"ShoppingBasketPositionId.java";;;;;;"Class"
"ShoppingBasketPositionIdConverter.java";;;;;;"Class"
"ShoppingBasketRESTTest.java";"54, 70";;;;;
"ShoppingBasketRepository.java";;;;;;"Class"
"ShoppingBasketService.java";;"58, 73";;;;
"StockLevelId.java";;;;;;"Class"
"StockLevelIdConverter.java";;;;;;"Class"
"ZipCodeType.java";;;;;;"Class"
"'st2_17'";;;;;;
"AddressLocationType.java";;;;;;"Class"
"CheckoutOrchestrator.java";"5";;;;;
"CurrencyType.java";;;;;;"Class"
"EmailAddress.java";"10";;;;;
"EmailAddressType.java";;;;;;"Class"
"FactoryMethodInvoker.java";"139";"33, 44";;;;
"InventoryLevel.java";"5, 6";;;;;"Class"
"InventoryLevelId.java";;;;;;"Class"
"InventoryLevelIdConverter.java";;;;;;"Class"
"Order.java";;;;;;"Class"
"OrderId.java";;;;;;"Class"
"OrderIdConverter.java";;;;;;"Class"
"OrderJpaRepository.java";"8";;;;;"Class"
"OrderPart.java";;;;;;"Class"
"OrderPartId.java";;;;;;"Class"
"OrderPartIdConverter.java";;;;;;"Class"
"OrderRepository.java";"7";;;;;"Class"
"OrderService.java";;"45";;;;
"PostalCodeType.java";;;;;;"Class"
"Product.java";;;;;;"Class"
"ProductId.java";;;;;;"Class"
"ProductIdConverter.java";;;;;;"Class"
"ProductJpaRepository.java";"6";;;;;
"ProductRepository.java";"4";;;;;"Class"
"RulesForOwnTests.java";"32";;;;;
"ShoppingCartController.java";;"98, 101";;;;
"ShoppingCartId.java";;;;;;"Class"
"ShoppingCartIdConverter.java";;;;;;"Class"
"ShoppingCartJpaRepository.java";"8";;;;;"Class"
"ShoppingCartPart.java";;;;;;"Class"
"ShoppingCartPartId.java";;;;;;"Class"
"ShoppingCartPartIdConverter.java";;;;;;"Class"
"ShoppingCartRESTTest.java";"54, 70";;;;;
"ShoppingCartRepository.java";"7";;;;;"Class"
"ShoppingCartService.java";;"73";;;;
"User.java";;;;;;"Class"
"UserId.java";;;;;;"Class"
"UserIdConverter.java";;;;;;"Class"
"UserJpaRepository.java";"6, 9";;;;;"Class"
"UserRESTTest.java";"88";;;;;
"UserRepository.java";"4";;;;;"Class"
"UserTestHelperImpl.java";"13";;;;;
"WarehouseId.java";;;;;;"Class"
"WarehouseIdConverter.java";;;;;;"Class"
"WarehouseJpaRepository.java";"6";;;;;
"WarehouseRepository.java";"4";;;;;"Class"
"WarehouseService.java";;"62";;;;
"'st2_18'";;;;;;
"Client.java";;;;;;"Class"
"ClientId.java";;;;;;"Class"
"ClientIdConverter.java";;;;;;"Class"
"ClientRESTTest.java";"88";;;;;
"ClientRepository.java";"4";;;;;"Class"
"ClientResponseDTO.java";;;;;;"Class"
"ClientTestHelperImpl.java";"13";;;;;
"DistributionCenterId.java";;;;;;"Class"
"DistributionCenterIdConverter.java";;;;;;"Class"
"DistributionCenterRepository.java";"5, 6";;;;;
"DistributionCenterService.java";"117, 178, 196";;;;;
"EmailDTO.java";;;;;;"Class"
"EmailType.java";;;;;;"Class"
"FactoryMethodInvoker.java";"139";"33, 44";;;;
"ItemId.java";;;;;;"Class"
"ItemIdConverter.java";;;;;;"Class"
"ItemRepository.java";"3, 6";;;;;
"MoneyType.java";;;;;;"Class"
"Order.java";;;;;;"Class"
"OrderDTO.java";;;;;;"Class"
"OrderId.java";;;;;;"Class"
"OrderIdConverter.java";;;;;;"Class"
"OrderPositionDTO.java";;;;;;"Class"
"OrderPositionId.java";;;;;;"Class"
"OrderRepository.java";"4, 8";;;;;"Class"
"Orderable.java";;;;;;"Class"
"OrderpositionRepository.java";"5";;;;;
"OwnShoppingBasketRESTTest.java";"29";;;;;
"PhysicalAddressDTO.java";;;;;;"Class"
"PhysicalAddressType.java";;;;;;"Class"
"RulesForOwnTests.java";"32";;;;;
"ShoppableId.java";;;;;;"Class"
"ShoppableIdConverter.java";;;;;;"Class"
"ShoppableInterface.java";;;;;;"Class"
"ShoppingBasket.java";"6";;;;;"Class"
"ShoppingBasketId.java";"4, 5";;;;;"Class"
"ShoppingBasketIdConverter.java";;;;;;"Class"
"ShoppingBasketPosition.java";;;;;;"Class"
"ShoppingBasketPositionDTO.java";"6, 7";;;;;"Class"
"ShoppingBasketPositionId.java";;;;;;"Class"
"ShoppingBasketPositionIdConverter.java";;;;;;"Class"
"ShoppingBasketRESTTest.java";"54, 70";;;;;
"StockLevel.java";"7";;;;;"Class"
"StockLevelId.java";;;;;;"Class"
"StockLevelIdConverter.java";;;;;;"Class"
"StockLevelRepository.java";;;;;;"Class"
"StockService.java";"7";;;;;
"ZipCode.java";"64";;;;;
"ZipCodeDTO.java";;;;;;"Class"
"ZipCodeType.java";;;;;;"Class"
"'st2_19'";;;;;;
"AddressType.java";;;;;;"Class"
"ConflictException.java";;;;;;"Class"
"CurrencyType.java";;;;;;"Class"
"EmailType.java";;;;;;"Class"
"FactoryMethodInvoker.java";"139";"33, 44";;;;
"InsufficientInventoryException.java";;;;;;"Class"
"InventoryLevel.java";;;;;;"Class"
"InventoryLevelId.java";;;;;;"Class"
"InventoryLevelIdConverter.java";;;;;;"Class"
"InventoryLevelRepository.java";;;;;;"Class"
"Item.java";;;;;;"Class"
"ItemId.java";;;;;;"Class"
"ItemIdConverter.java";;;;;;"Class"
"MethodNotAllowedException.java";;;;;;"Class"
"NotFoundException.java";;;;;;"Class"
"Order.java";;;;;;"Class"
"OrderId.java";;;;;;"Class"
"OrderIdConverter.java";;;;;;"Class"
"OrderPosition.java";;;;;;"Class"
"OrderPositionId.java";;;;;;"Class"
"OrderPositionIdConverter.java";;;;;;"Class"
"OrderPositionRepository.java";;;;;;"Class"
"OrderRepository.java";;;;;;"Class"
"RulesForOwnTests.java";"32";;;;;
"ShoppingCartId.java";;;;;;"Class"
"ShoppingCartIdConverter.java";;;;;;"Class"
"ShoppingCartPosition.java";;;;;;"Class"
"ShoppingCartPositionId.java";;;;;;"Class"
"ShoppingCartPositionIdConverter.java";;;;;;"Class"
"ShoppingCartPositionRepository.java";;;;;;"Class"
"ShoppingCartRESTTest.java";"54, 70";;;;;
"ShoppingCartRepository.java";;;;;;"Class"
"StorageUnitId.java";;;;;;"Class"
"StorageUnitIdConverter.java";;;;;;"Class"
"UnprocessableEntityException.java";;;;;;"Class"
"UserId.java";;;;;;"Class"
"UserIdConverter.java";;;;;;"Class"
"UserRESTTest.java";"88";;;;;
"UserRepository.java";;;;;;"Class"
"UserTestHelperImpl.java";"13";;;;;
"ZipCodeType.java";;;;;;"Class"
"'st2_2'";;;;;;
"Adress.java";"4";;;;;
"DomainPrimitiveJSONSerializationTest.java";"13";;;;;
"EmailType.java";;;;;;"Class"
"EmptyCartException.java";;;;;;"Class"
"FactoryMethodInvoker.java";"139";"33, 44";;;;
"MoneyType.java";;;;;;"Class"
"PhysicalAddressType.java";;;;;;"Class"
"ProductId.java";;;;;;"Class"
"ProductIdConverter.java";;;;;;"Class"
"Purchase.java";;;;;;"Class"
"PurchaseId.java";;;;;;"Class"
"PurchaseIdConverter.java";;;;;;"Class"
"PurchaseService.java";;"76";;;;
"RulesForOwnTests.java";"32";;;;;
"ShoppingCart.java";;;;;;"Class"
"ShoppingCartDTO.java";"3, 4, 5, 6, 8, 9, 10, 11";;;;;
"ShoppingCartId.java";;;;;;"Class"
"ShoppingCartIdConverter.java";;;;;;"Class"
"ShoppingCartPart.java";"6";;;;;"Class"
"ShoppingCartRESTTest.java";"54, 70";;;;;
"ShoppingCartRepository.java";;;;;;"Class"
"StockLevel.java";"6";;;;;"Class"
"StorageUnitComparator.java";;;;;;"Class"
"StorageUnitId.java";;;;;;"Class"
"StorageUnitIdConverter.java";;;;;;"Class"
"UserId.java";;;;;;"Class"
"UserIdConverter.java";;;;;;"Class"
"UserRESTTest.java";"88";;;;;
"UserRepository.java";;;;;;"Class"
"UserTestHelperImpl.java";"13";;;;;
"ZipCodeType.java";;;;;;"Class"
"'st2_20'";;;;;;
"AddressType.java";;;;;;"Class"
"ConflictException.java";;;;;;"Class"
"CustomerRepository.java";;;;;;"Class"
"DeliveryPart.java";;;;;;"Class"
"DeliveryRepository.java";;;;;;"Class"
"E3DDDRulesTest.java";"15";;;;;
"E3PackageStructureTest.java";"9";;;;;
"EmailType.java";;;;;;"Class"
"FactoryMethodInvoker.java";"3, 139";"33, 44";;;;
"InitialMasterDataCreator.java";"4, 5, 6, 165";;;;;
"InventoryDomainService.java";;;;;;"Class"
"InventoryManagementService.java";"55";;;;;
"InventoryPart.java";;;;;;"Class"
"InventoryRepository.java";;;;;;"Class"
"MoneyType.java";;;;;;"Class"
"MoneyTypeAdapter.java";;;;;;"Class"
"NotFoundException.java";;;;;;"Class"
"OrderPart.java";;;;;;"Class"
"OrderRepository.java";;;;;;"Class"
"PaymentRepository.java";;;;;;"Class"
"PostalCodeType.java";;;;;;"Class"
"RESTHelper.java";"77, 78";;;;;
"RegressionCustomerRegistrationTest.java";"31";;;;;
"RegressionDeliveryMockTest.java";"19, 20";;;;;
"RegressionPaymentMockTest.java";"35";;;;;
"ShoppingCartDomainService.java";;;;;;"Class"
"ShoppingCartPart.java";;;;;;"Class"
"ShoppingCartRepository.java";;;;;;"Class"
"ShoppingCartService.java";"91";;;;;
"TestHelper.java";"172";;;;;
"'st2_3'";;;;;;
"AdapterService.java";"6";;;;;
"AddressType.java";;;;;;"Class"
"Customer.java";;;;;;"Class"
"CustomerRepository.java";;;;;;"Class"
"CustomerShoppingBasket.java";;;;;;"Class"
"DeliveryPositionRepository.java";;;;;;"Class"
"DeliveryRepository.java";;;;;;"Class"
"E3DDDRulesTest.java";"15";;;;;
"E3PackageStructureTest.java";"9";;;;;
"EmailType.java";;;;;;"Class"
"FactoryMethodInvoker.java";"139";"33, 44";;;;
"Good.java";;;;;;"Class"
"GoodRepository.java";;;;;;"Class"
"GoodService.java";"8";;;;;
"InitialMasterDataCreator.java";"4, 5, 6, 165";;;;;
"MoneyType.java";;;;;;"Class"
"OrderPositionRepository.java";;;;;;"Class"
"OrderRepository.java";;;;;;"Class"
"PaymentRepository.java";;;;;;"Class"
"RESTHelper.java";"77, 78";;;;;
"RegressionCustomerRegistrationTest.java";"31";;;;;
"ReservedGood.java";;;;;;"Class"
"ReservedGoodRepository.java";;;;;;"Class"
"ShoppingBasket.java";;;;;;"Class"
"ShoppingBasketRESTController.java";"50";;;;;
"ShoppingBasketRepository.java";;;;;;"Class"
"ZipCodeType.java";;;;;;"Class"
"'st2_4'";;;;;;
"BasketFactory.java";;;;;;"Class"
"ConflictException.java";;;;;;"Class"
"CurrencyType.java";;;;;;"Class"
"FactoryMethodInvoker.java";"139";"33, 44";;;;
"FulfillmentCenterFinder.java";;;;;;"Class"
"FulfillmentCenterId.java";;;;;;"Class"
"FulfillmentCenterIdConverter.java";"5";;;;;"Class"
"FulfillmentInventoryChecker.java";;;;;;"Class"
"GlobalExceptionHandler.java";;;;;;"Class"
"InventoryChecker.java";;;;;;"Class"
"InventoryLevel.java";;;;;;"Class"
"InventoryLevelId.java";;;;;;"Class"
"InventoryLevelIdConverter.java";;;;;;"Class"
"MailAddressType.java";;;;;;"Class"
"NotFoundException.java";;;;;;"Class"
"PhysicalAddressType.java";;;;;;"Class"
"PostalCodeType.java";;;;;;"Class"
"Product.java";;;;;;"Class"
"ProductBasketUsageChecker.java";;;;;;"Class"
"ProductId.java";;;;;;"Class"
"ProductIdConverter.java";"5";;;;;"Class"
"ProductLookup.java";;;;;;"Class"
"ProductRepository.java";;;;;;"Class"
"Purchase.java";;;;;;"Class"
"PurchaseId.java";;;;;;"Class"
"PurchaseIdConverter.java";"5";;;;;"Class"
"PurchasePosition.java";;;;;;"Class"
"PurchasePositionId.java";;;;;;"Class"
"PurchasePositionIdConverter.java";;;;;;"Class"
"PurchaseRepository.java";;;;;;"Class"
"PurchaseUsage.java";;;;;;"Class"
"PurchaseUsageChecker.java";;;;;;"Class"
"RulesForOwnTests.java";"32";;;;;
"ShoppingBasketId.java";;;;;;"Class"
"ShoppingBasketIdConverter.java";;;;;;"Class"
"ShoppingBasketPosition.java";;;;;;"Class"
"ShoppingBasketPositionId.java";;;;;;"Class"
"ShoppingBasketPositionIdConverter.java";;;;;;"Class"
"ShoppingBasketRESTTest.java";"54, 70";;;;;
"ShoppingBasketRepository.java";;;;;;"Class"
"ShoppingBasketService.java";"39";"84, 89, 268";;;;
"UnprocessableEntityException.java";;;;;;"Class"
"User.java";;;;;;"Class"
"UserFinder.java";;;;;;"Class"
"UserFinderAdapter.java";"5, 26";;;;;
"UserId.java";;;;;;"Class"
"UserIdConverter.java";;;;;;"Class"
"UserRESTTest.java";"88";;;;;
"UserRepository.java";;;;;;"Class"
"UserTestHelperImpl.java";"13";;;;;
"'st2_5'";;;;;;
"AddressType.java";;;;;;"Class"
"Customer.java";;;;;;"Class"
"CustomerController.java";"10";;;;;
"CustomerId.java";;;;;;"Class"
"CustomerIdConverter.java";;;;;;"Class"
"CustomerRESTTest.java";"88";;;;;
"CustomerRepository.java";;;;;;"Class"
"CustomerTestHelperImpl.java";"13";;;;;
"DomainPrimitiveJSONSerializationTest.java";"44, 66, 87, 88, 89, 110, 111";;;;;
"EmailAddressType.java";;;;;;"Class"
"FactoryMethodInvoker.java";"139";"33, 44";;;;
"GenericConflictException.java";;;;;;"Class"
"GenericNotFoundException.java";;;;;;"Class"
"GenericUnprocessableEntityException.java";;;;;;"Class"
"MoneyType.java";;;;;;"Class"
"Order.java";;;;;;"Class"
"OrderId.java";;;;;;"Class"
"OrderIdConverter.java";;;;;;"Class"
"OrderPart.java";;;;;;"Class"
"OrderPartId.java";;;;;;"Class"
"OrderPartIdConverter.java";;;;;;"Class"
"OrderPartRepository.java";;;;;;"Class"
"OrderRepository.java";;;;;;"Class"
"OrderService.java";;"40";;;;
"OwnShoppingBasketRESTTest.java";"5, 13, 17, 21, 22, 23, 32, 35, 44, 289, 339";;;;;
"Product.java";;;;;;"Class"
"ProductId.java";;;;;;"Class"
"ProductIdConverter.java";;;;;;"Class"
"ProductService.java";;"79";;;;
"RulesForOwnTests.java";"32";;;;;
"ShoppingBasket.java";;;;;;"Class"
"ShoppingBasketId.java";;;;;;"Class"
"ShoppingBasketIdConverter.java";;;;;;"Class"
"ShoppingBasketPart.java";;;;;;"Class"
"ShoppingBasketPartId.java";;;;;;"Class"
"ShoppingBasketPartIdConverter.java";;;;;;"Class"
"ShoppingBasketPartRepository.java";;;;;;"Class"
"ShoppingBasketRESTTest.java";"54, 70";;;;;
"ShoppingBasketRepository.java";;;;;;"Class"
"ShoppingBasketService.java";;"165";;;;
"StockLevel.java";;;;;;"Class"
"StockLevelId.java";;;;;;"Class"
"StockLevelIdConverter.java";;;;;;"Class"
"StockLevelRepository.java";;;;;;"Class"
"StorageUnit.java";"51";;;;;
"StorageUnitComparator.java";;;;;;"Class"
"StorageUnitId.java";;;;;;"Class"
"StorageUnitIdConverter.java";;;;;;"Class"
"ZipCode.java";"41";;;;;
"ZipCodeType.java";;;;;;"Class"
"'st2_6'";;;;;;
"AbstractCustomer.java";"6";;;;;"Class"
"AbstractItem.java";"5";;;;;"Class"
"Address.java";"6, 13";;;;;
"AddressType.java";;;;;;"Class"
"CustomerRepository.java";"5, 8";;;;;"Class"
"Delivery.java";"9";;;;;
"DeliveryRepository.java";"5";;;;;"Class"
"E3DDDRulesTest.java";"15";;;;;
"E3PackageStructureTest.java";"9";;;;;
"Email.java";"5, 6";;;;;
"EmailType.java";;;;;;"Class"
"FactoryMethodInvoker.java";"139";"33, 44";;;;
"InitialMasterDataCreator.java";"4, 5, 6, 165";;;;;
"InventoryRepository.java";;;;;;"Class"
"ItemRepository.java";;;;;;"Class"
"MoneyType.java";;;;;;"Class"
"Order.java";"3, 7, 12";;;;;"Class"
"OrderCustomerService.java";"5";;;;;
"OrderDto.java";"8, 10, 11, 13";;;;;
"OrderExceptions.java";;;;;;"4"
"OrderPart.java";;;;;;"Class"
"OrderPartDto.java";"10";;;;;
"OrderRepository.java";"6";;;;;"Class"
"Payment.java";"7, 11";;;;;
"PaymentRepository.java";;;;;;"Class"
"PostalCode.java";"3";;;;;
"PostalCodeType.java";;;;;;"Class"
"RESTHelper.java";"77, 78";;;;;
"RegressionCustomerRegistrationTest.java";"31";;;;;
"ShoppingCart.java";"7, 8";;;;;
"ShoppingCartDtoMapperService.java";"27";;;;;
"ShoppingCartItemDto.java";"7";;;;;
"ShoppingCartPartRepository.java";"6";;;;;"Class"
"ShoppingCartRepository.java";"6";;;;;"Class"
"ShoppingCartService.java";;"97";;;;
"ShoppingInventoryService.java";"7";;;;;
"'st2_7'";;;;;;
"Customer.java";;;;;;"Class"
"CustomerId.java";;;;;;"Class"
"CustomerIdConverter.java";;;;;;"Class"
"CustomerNotFoundException.java";;;;;;"Class"
"CustomerRESTTest.java";"88";;;;;
"CustomerRepository.java";;;;;;"Class"
"CustomerTestHelperImpl.java";"13";;;;;
"EmptyNameException.java";;;;;;"Class"
"FactoryMethodInvoker.java";"139";"33, 44";;;;
"FulfillmentCenterId.java";;;;;;"Class"
"FulfillmentCenterIdConverter.java";;;;;;"Class"
"FulfillmentCenterRepository.java";;;;;;"Class"
"FulfillmentCenterService.java";;"44";;;;
"InsufficientMerchandiseInventoryException.java";"6";;;;;"Class"
"InvalidMailAddressException.java";;;;;;"Class"
"InvalidPhysicalAddressException.java";;;;;;"Class"
"InventoryLevel.java";;;;;;"Class"
"InventoryLevelId.java";;;;;;"Class"
"InventoryLevelIdConverter.java";;;;;;"Class"
"MailAddress.java";"3";;;;;
"MailAddressInUseException.java";;;;;;"Class"
"MailAddressType.java";;;;;;"Class"
"Merchandise.java";;;;;;"Class"
"MerchandiseId.java";;;;;;"Class"
"MerchandiseIdConverter.java";;;;;;"Class"
"MerchandiseNotFoundException.java";;;;;;"Class"
"MerchandiseRepository.java";;;;;;"Class"
"MoneyType.java";;;;;;"Class"
"NegativeQuantityException.java";;;;;;"Class"
"OwnShoppingCartRESTTest.java";"17";;;;;
"PhysicalAddressType.java";;;;;;"Class"
"PurchaseId.java";;;;;;"Class"
"PurchaseIdConverter.java";;;;;;"Class"
"PurchaseNotFoundException.java";;;;;;"Class"
"PurchasePart.java";;;;;;"Class"
"PurchasePartId.java";;;;;;"Class"
"PurchasePartIdConverter.java";;;;;;"Class"
"PurchaseRepository.java";;;;;;"Class"
"PurchaseService.java";;"35";;;;
"RulesForOwnTests.java";"32";;;;;
"ShoppingCartId.java";;;;;;"Class"
"ShoppingCartIdConverter.java";;;;;;"Class"
"ShoppingCartNotFoundException.java";;;;;;"Class"
"ShoppingCartPart.java";;;;;;"Class"
"ShoppingCartPartId.java";;;;;;"Class"
"ShoppingCartPartIdConverter.java";;;;;;"Class"
"ShoppingCartRESTTest.java";"54, 70";;;;;
"ShoppingCartRepository.java";;;;;;"Class"
"ShoppingCartService.java";;"73, 107, 167";;;;
"ZipCodeType.java";;;;;;"Class"
"'st2_8'";;;;;;
"Address.java";;;;;;"Class"
"Delivery.java";;;;;;"Class"
"DeliveryPosition.java";;;;;;"Class"
"E3DDDRulesTest.java";"15";;;;;
"E3PackageStructureTest.java";"9";;;;;
"FactoryMethodInvoker.java";"139";"33, 44";;;;
"InitialMasterDataCreator.java";"4, 5, 6, 165";;;;;
"MailAddress.java";"3";;;;;
"MailAddressType.java";;;;;;"Class"
"Money.java";"2";;;;;
"MoneyType.java";;;;;;"Class"
"Order.java";;;;;;"Class"
"OrderPosition.java";;;;;;"Class"
"Payment.java";;;;;;"Class"
"PersonalAddressType.java";;;;;;"Class"
"PostalCodeType.java";;;;;;"Class"
"Product.java";;;;;;"Class"
"RESTHelper.java";"77, 78";;;;;
"RegressionUserRegistrationTest.java";"31";;;;;
"ShoppingBasketPosition.java";"11";;;;;"Class"
"ShoppingBasketPositionDto.java";"4";;;;;
"User.java";;;;;;"Class"
"UserTypeImplementation.java";;;;;;"Class"
"'st2_9'";;;;;;
"ConflictException.java";;;;;;"Class"
"CurrencyType.java";;;;;;"Class"
"DepotComparator.java";;;;;;"Class"
"DepotId.java";;;;;;"Class"
"DepotIdConverter.java";"5";;;;;"Class"
"DepotRepository.java";;;;;;"Class"
"DepotService.java";;"65";;;;
"EmailAddressType.java";;;;;;"Class"
"FactoryMethodInvoker.java";"139";"33, 44";;;;
"MethodNotAllowedException.java";;;;;;"Class"
"PhysicalAddressType.java";;;;;;"Class"
"PostalCodeType.java";;;;;;"Class"
"Product.java";;;;;;"Class"
"ProductId.java";;;;;;"Class"
"ProductIdConverter.java";;;;;;"Class"
"ProductNotFoundException.java";;;;;;"Class"
"PurchaseId.java";;;;;;"Class"
"PurchaseIdConverter.java";;;;;;"Class"
"PurchaseNotFoundException.java";;;;;;"Class"
"PurchasePosition.java";;;;;;"Class"
"PurchasePositionId.java";;;;;;"Class"
"PurchasePositionIdConverter.java";;;;;;"Class"
"PurchaseRepository.java";;;;;;"Class"
"PurchaseService.java";;"69";;;;
"RulesForOwnTests.java";"32";;;;;
"ShoppingBasketDTO.java";"7";;;;;
"ShoppingBasketId.java";;;;;;"Class"
"ShoppingBasketIdConverter.java";;;;;;"Class"
"ShoppingBasketNotFoundException.java";;;;;;"Class"
"ShoppingBasketPosition.java";;;;;;"Class"
"ShoppingBasketPositionId.java";;;;;;"Class"
"ShoppingBasketPositionIdConverter.java";;;;;;"Class"
"ShoppingBasketPositionNotFoundException.java";;;;;;"Class"
"ShoppingBasketRESTTest.java";"54, 70";;;;;
"ShoppingBasketRepository.java";"7";;;;;"Class"
"ShoppingService.java";"248, 284";"80, 143";;;;
"StockLevel.java";;;;;;"Class"
"StockLevelId.java";;;;;;"Class"
"StockLevelIdConverter.java";;;;;;"Class"
"UnprocessableEntityException.java";;;;;;"Class"
"User.java";;;;;;"Class"
"UserController.java";"126, 165";;;;;
"UserId.java";;;;;;"Class"
"UserIdConverter.java";;;;;;"Class"
"UserNotFoundException.java";;;;;;"Class"
"UserRESTTest.java";"88";;;;;
"UserRepository.java";;;;;;"Class"
"UserTestHelperImpl.java";"13";;;;;
"st2_1";;;;;;
"AllowedCurrencies.java";;;;;;"Class"
"CatalogRepository.java";;;;;;"Class"
"Client.java";;;;;;"Class"
"ClientRepository.java";;;;;;"Class"
"DeliveryRecipientClient.java";;;;;;"Class"
"DeliveryRecipientClientRepository.java";;;;;;"Class"
"DeliveryRepository.java";;;;;;"Class"
"E3DDDRulesTest.java";"15";;;;;
"E3PackageStructureTest.java";"9";;;;;
"EmailType.java";;;;;;"Class"
"FactoryMethodInvoker.java";"139";"33, 44";;;;
"Good.java";"6, 8";;;;;"Class"
"GoodCatalogService.java";"66";;;;;
"GoodRepository.java";"6";;;;;"Class"
"HomeAddressType.java";;;;;;"Class"
"InitialMasterDataCreator.java";"4, 5, 6, 165";;;;;
"MoneyType.java";;;;;;"Class"
"Order.java";;;;;;"Class"
"OrderPositionDTO.java";"9";;;;;
"OrderPositionRepository.java";"3, 6, 7, 9";;;;;
"OrderPositionService.java";"20";;;;;
"OrderRepository.java";;;;;;"Class"
"OrderService.java";"17";;;;;
"PostalCodeType.java";;;;;;"Class"
"RESTHelper.java";"77, 78";;;;;
"RegressionClientRegistrationTest.java";"31";;;;;
"ShoppingBasketHelperClassCleanCodeService.java";"71, 184";;;;;
"ShoppingBasketPositionDTO.java";"3";;;;;
"ShoppingBasketPositionDTOMapperService.java";"21";;;;;
"ShoppingBasketPositionRepository.java";;;;;;"Class"
"ShoppingBasketRESTController.java";"150";;;;;
"ShoppingBasketRepository.java";;;;;;"Class"
"ShoppingBasketService.java";"40";;;;;
"StockManagementService.java";"24";;;;;
"Warehouse.java";;;;;;"Class"
"WarehouseRepository.java";;;;;;"Class"
